submissionName1,submissionName2,averageSimilarity,maxSimilarity
A.py,A_inj(0.8,0.8,0.8).py,0.7644444444444445,0.8113207547169812
A.py,A_inj(0.6,0.6,0.6).py,0.40329218106995884,0.46226415094339623
A.py,A_inj(0.4,0.4,0.4).py,0.38247011952191234,0.4528301886792453
A.py,A_inj(0.2,0.2,0.2).py,0.3484848484848485,0.4339622641509434
A_inj(0.6,0.6,0.6).py,A_inj(0.4,0.4,0.4).py,0.3120567375886525,0.32116788321167883
A_inj(0.6,0.6,0.6).py,A_inj(0.2,0.2,0.2).py,0.29152542372881357,0.31386861313868614
A_inj(0.8,0.8,0.8).py,A_inj(0.6,0.6,0.6).py,0.2734375,0.29411764705882354
A_inj(0.8,0.8,0.8).py,A_inj(0.4,0.4,0.4).py,0.25757575757575757,0.2857142857142857
B.py,A.py,0.2048780487804878,0.21212121212121213
A_inj(0.4,0.4,0.4).py,A_inj(0.2,0.2,0.2).py,0.19801980198019803,0.20689655172413793
A_inj(0.8,0.8,0.8).py,A_inj(0.0,0.0,0.0).py,0.13013698630136986,0.15966386554621848
A_inj(0.6,0.6,0.6).py,A_inj(0.0,0.0,0.0).py,0.12258064516129032,0.1386861313868613
A_inj(0.4,0.4,0.4).py,A_inj(0.0,0.0,0.0).py,0.11949685534591195,0.1310344827586207
B.py,A_inj(0.4,0.4,0.4).py,0.11475409836065574,0.1414141414141414
B.py,A_inj(0.2,0.2,0.2).py,0.10894941634241245,0.1414141414141414
A.py,A_inj(0.0,0.0,0.0).py,0.0931899641577061,0.12264150943396226
A_inj(0.8,0.8,0.8).py,A_inj(0.2,0.2,0.2).py,0.08664259927797834,0.10084033613445378
C.py,A_inj(0.8,0.8,0.8).py,0.0,0.0
results_JPLAG,A_inj(0.8,0.8,0.8).py,0.0,0.0
B.py,A_inj(0.8,0.8,0.8).py,0.0,0.0
C.py,A_inj(0.6,0.6,0.6).py,0.0,0.0
results_JPLAG,A_inj(0.6,0.6,0.6).py,0.0,0.0
B.py,A_inj(0.6,0.6,0.6).py,0.0,0.0
results_JPLAG,C.py,0.0,0.0
C.py,A.py,0.0,0.0
C.py,A_inj(0.4,0.4,0.4).py,0.0,0.0
B.py,C.py,0.0,0.0
C.py,A_inj(0.2,0.2,0.2).py,0.0,0.0
C.py,A_inj(0.0,0.0,0.0).py,0.0,0.0
results_JPLAG,A.py,0.0,0.0
results_JPLAG,A_inj(0.4,0.4,0.4).py,0.0,0.0
results_JPLAG,B.py,0.0,0.0
results_JPLAG,A_inj(0.2,0.2,0.2).py,0.0,0.0
results_JPLAG,A_inj(0.0,0.0,0.0).py,0.0,0.0
B.py,A_inj(0.0,0.0,0.0).py,0.0,0.0
A_inj(0.2,0.2,0.2).py,A_inj(0.0,0.0,0.0).py,0.0,0.0
